"Type","Category","Amount"
"Income","Income","0010.00"
"Spending","Groceries","0.00"
"Spending","Restaurants",".5"
"Spending","Utilities","1.234"
"Spending","Transport","1e3"
"Spending","Household","1e+3"
"Spending","Health","0"
"Spending","Personal care","1e-9999"
"Spending","Clothing",""
"Spending","Subscriptions","2.00"
"Spending","Education","03"
"Spending","Tech","4.50"
"Spending","Culture","5e-2"
"Spending","Entertainment","6.789"
"Spending","Gifts","7"
"Spending","Travel","8"
"Investment","Investments","1E-3"
